Mot;Leçon;Traduction;Nature;Page du livre;Présent / futur;Passé;Impératif
а;5;et, mais;conjonction;164;;;
абсолю́тно;18;absolument;adverbe;164;;;
а́вгуст;18;août;nom m.;164;;;
авто́бус;1;autobus;nom m.;164;;;
альбо́м;11;album;nom m.;164;;;
америка́нец/америка́нка;5;Américain / Américaine;nom m.;164;;;
америка́нский;5;américain;adjectif;164;;;
анана́с;11;ananas;nom m.;164;;;
англи́йский;5;anglais;adjectif;164;;;
апельси́н;11;orange (fruit);nom m.;164;;;
аппети́т;14;appétit;nom m.;164;;;
апре́ль;18;avril;nom m.;164;;;
ара́б/ара́бка;5;Arabe (homme / femme);nom m.;164;;;
ара́бский;5;arabe;adjectif;164;;;
арбу́з;11;pastèque;nom m.;164;;;
арти́ст;3;artiste;nom m.;164;;;
аудиоте́кст;11;texte audio;nom m.;164;;;
аудито́рия;7;salle de cours;nom f.;164;;;
ба́бушка;6;grand-mère;nom f.;164;;;
балери́на;3;ballerine;nom f.;164;;;
бале́т;11;ballet;nom m.;164;;;
бана́н;11;banane;nom m.;164;;;
банк;12;banque;nom m.;164;;;
ба́ня;20;bania (bains russes);nom f.;164;;;
баскетбо́л;12;basket-ball;nom m.;164;;;
бассе́йн;24;piscine;nom m.;164;;;
батон;18;baguette de pain;nom m.;164;;;
беда́;26;malheur;nom f.;164;;;
бесе́дка;28;tonnelle, kiosque de jardin;nom f.;164;;;
библиоте́ка;12;bibliothèque;nom f.;164;;;
биле́т;9;billet, ticket;nom m.;164;;;
блин;11;crêpe;nom m.;164;;;
бло́гер;5;blogueur;nom m.;164;;;
боле́ть;14;"être malade ; avoir mal";verbe;164;болею, болеешь, болеет, болеем, болеете, болеют;болел, болела, болело, болели;болей, болейте
больни́ца;12;hôpital;nom f.;164;;;
бо́льше всего́;15;plus que tout;expression;164;;;
большо́й;8;grand;adjectif;164;;;
борщ;11;bortsch;nom m.;164;;;
боя́ться;13;avoir peur;verbe;164;боюсь, боишься, боится, боимся, боитесь, боятся;боялся, боялась, боялось, боялись;не бойся, не бойтесь
брат;2;frère;nom m.;164;;;
брать;16;prendre;verbe;164;беру, берёшь, берёт, берём, берёте, берут;брал, брала, брало, брали;бери, берите
буке́т;18;bouquet;nom m.;164;;;
бу́сы;27;collier (de perles);nom pl.;164;;;
бутербро́д;11;sandwich, tartine;nom m.;164;;;
бы́стро;7;vite;adverbe;164;;;
быть;13;être;verbe;164;буду, будешь, будет, будем, будете, будут;был, была, было, были;будь, будьте
бюро́;2;bureau, agence;nom n.;164;;;
в;9;dans, à, en;préposition;164;;;
ва́жно;13;c'est important;adverbe;164;;;
ва́жный;9;important;adjectif;164;;;
ва́нна;1;baignoire, bain;nom f.;164;;;
варе́нье;11;confiture;nom n.;164;;;
вари́ть;26;faire cuire;verbe;164;варю, варишь, варит, варим, варите, варят;варил, варила, варило, варили;вари, варите
ваш;8;votre, vos;pronom;164;;;
вдруг;28;soudain;adverbe;164;;;
велосипе́д;19;vélo;nom m.;164;;;
весёлый;27;joyeux, gai;adjectif;164;;;
весна́;18;printemps;nom f.;164;;;
вести́;25;mener, conduire;verbe;164;веду, ведёшь, ведёт, ведём, ведёте, ведут;вёл, вела, вело, вели;веди, ведите
весь;19;tout, entier;pronom;164;;;
ве́тер;14;vent;nom m.;164;;;
ве́чер;2;soir, soirée;nom m.;164;;;
вечери́нка;13;fête, soirée;nom f.;164;;;
взять;16;prendre;verbe;164;возьму, возьмёшь, возьмёт, возьмём, возьмёте, возьмут;взял, взяла, взяло, взяли;возьми, возьмите
ви́деть;13;voir;verbe;164;вижу, видишь, видит, видим, видите, видят;видел, видела, видело, видели;
ви́за;24;visa;nom f.;164;;;
ви́лка;28;fourchette;nom f.;164;;;
вино́;1;vin;nom n.;164;;;
виногра́д;11;raisin;nom m.;164;;;
висе́ть;28;être accroché, pendre;verbe;164;вишу, висишь, висит, висим, висите, висят;висел, висела, висело, висели;
витами́н;14;vitamine;nom m.;164;;;
ВКонта́кте;11;VKontakte (réseau social);expression;164;;;
вку́сный;15;délicieux, bon;adjectif;164;;;
влюби́ться;28;tomber amoureux;verbe;164;влюблюсь, влюбишься, влюбится, влюбимся, влюбитесь, влюбятся;влюбился, влюбилась, влюбилось, влюбились;
вме́сте;15;ensemble;adverbe;164;;;
внима́тельно;7;attentivement;adverbe;164;;;
во-вторы́х;20;deuxièmement;adverbe;164;;;
вода́;1;eau;nom f.;164;;;
возвраща́ться;24;revenir, rentrer;verbe;164;возвращаюсь, возвращаешься, возвращается, возвращаемся, возвращаетесь, возвращаются;возвращался, возвращалась, возвращалось, возвращались;возвращайся, возвращайтесь
во́здух;28;air;nom m.;164;;;
вокза́л;12;gare;nom m.;164;;;
вокру́г;26;autour (de);préposition;164;;;
волейбо́л;24;volley-ball;nom m.;164;;;
во́лосы;27;cheveux;nom pl.;164;;;
во-пе́рвых;20;premièrement;adverbe;164;;;
во́семь;8;huit;nombre;164;;;
во́семьдесят;15;quatre-vingts;nombre;164;;;
восемьсо́т;15;huit cents;nombre;164;;;
воскресе́нье;9;dimanche;nom n.;164;;;
воспи́танный;27;bien élevé;adjectif;164;;;
восто́к;12;est (point cardinal);nom m.;164;;;
восьмо́й;8;huitième;nombre;164;;;
вот;4;voici, voilà;particule;164;;;
врач;3;médecin;nom m.;164;;;
вре́мя;2;temps, heure;nom n.;164;;;
все;8;tous, tout le monde;pronom;164;;;
всегда́;16;toujours;adverbe;164;;;
вспомина́ть;19;se souvenir, se rappeler;verbe;164;вспоминаю, вспоминаешь, вспоминает, вспоминаем, вспоминаете, вспоминают;вспоминал, вспоминала, вспоминало, вспоминали;вспоминай, вспоминайте
встава́ть;16;se lever;verbe;164;встаю, встаёшь, встаёт, встаём, встаёте, встают;вставал, вставала, вставало, вставали;вставай, вставайте
встре́ча;13;rencontre, rendez-vous;nom f.;164;;;
встреча́ть;13;rencontrer, accueillir;verbe;164;встречаю, встречаешь, встречает, встречаем, встречаете, встречают;встречал, встречала, встречало, встречали;встречай, встречайте
встреча́ться;23;se rencontrer, se voir;verbe;164;встречаюсь, встречаешься, встречается, встречаемся, встречаетесь, встречаются;встречался, встречалась, встречалось, встречались;встречайся, встречайтесь
вто́рник;9;mardi;nom m.;164;;;
второ́й;2;deuxième;nombre;164;;;
вулка́н;12;volcan;nom m.;164;;;
вчера́;13;hier;adverbe;164;;;
вы;3;vous;pronom;164;;;
выбира́ть;15;choisir;verbe;164;выбираю, выбираешь, выбирает, выбираем, выбираете, выбирают;выбирал, выбирала, выбирало, выбирали;выбирай, выбирайте
вы́бросить;26;jeter;verbe;164;выброшу, выбросишь, выбросит, выбросим, выбросите, выбросят;выбросил, выбросила, выбросило, выбросили;выброси, выбросите
вы́глядеть;27;avoir l'air, paraître;verbe;164;выгляжу, выглядишь, выглядит, выглядим, выглядите, выглядят;выглядел, выглядела, выглядело, выглядели;
высо́кий;14;haut, grand;adjectif;164;;;
вы́ставка;18;exposition;nom f.;164;;;
выходи́ть;20;sortir;verbe;164;выхожу, выходишь, выходит, выходим, выходите, выходят;выходил, выходила, выходило, выходили;выходи, выходите
выходно́й;26;jour de congé;nom m.;164;;;
га́дость;28;chose dégoûtante, horreur;nom f.;164;;;
газе́та;3;journal;nom f.;164;;;
га́лстук;28;cravate;nom m.;164;;;
где;6;où;adverbe;164;;;
геро́й;27;héros;nom m.;164;;;
гита́ра;12;guitare;nom f.;164;;;
гла́вный;8;principal;adjectif;164;;;
глаз;14;œil;nom m.;164;;;
глу́пый;27;bête, stupide;adjectif;164;;;
говори́ть;5;parler, dire;verbe;164;говорю, говоришь, говорит, говорим, говорите, говорят;говорил, говорила, говорило, говорили;говори, говорите
год;18;année, an;nom m.;164;;;
голова́;14;tête;nom f.;164;;;
голубо́й;8;bleu clair;adjectif;164;;;
гора́;20;montagne;nom f.;164;;;
го́рло;14;gorge;nom n.;164;;;
го́род;1;ville;nom m.;164;;;
горя́чий;14;chaud, brûlant;adjectif;164;;;
господи́н;11;monsieur;nom m.;165;;;
госпожа́;6;madame;nom f.;165;;;
гости́ница;20;hôtel;nom f.;165;;;
гость;18;invité, hôte;nom m.;165;;;
гото́вить;16;"préparer ; cuisiner";verbe;165;готовлю, готовишь, готовит, готовим, готовите, готовят;готовил, готовила, готовило, готовили;готовь, готовьте
грамма́тика;11;grammaire;nom f.;165;;;
грипп;14;grippe;nom m.;165;;;
грудь;14;poitrine;nom f.;165;;;
гру́стный;27;triste;adjectif;165;;;
грусть;23;tristesse;nom f.;165;;;
гру́ша;11;poire;nom f.;165;;;
гуля́ть;7;se promener;verbe;165;гуляю, гуляешь, гуляет, гуляем, гуляете, гуляют;гулял, гуляла, гуляло, гуляли;гуляй, гуляйте
да;1;oui;particule;165;;;
дава́ть;16;donner;verbe;165;даю, даёшь, даёт, даём, даёте, дают;давал, давала, давало, давали;давай, давайте
давно́;7;depuis longtemps, il y a longtemps;adverbe;165;;;
да́же;13;même;particule;165;;;
далеко́;28;loin;adverbe;165;;;
дари́ть;18;offrir;verbe;165;дарю, даришь, дарит, дарим, дарите, дарят;дарил, дарила, дарило, дарили;дари, дарите
дать;8;donner;verbe;165;дам, дашь, даст, дадим, дадите, дадут;дал, дала, дало, дали;дай, дайте
два;2;deux;nombre;165;;;
два́дцать;15;vingt;nombre;165;;;
двена́дцатый;12;douzième;nombre;165;;;
двена́дцать;12;douze;nombre;165;;;
дверь;4;porte;nom f.;165;;;
две́сти;15;deux cents;nombre;165;;;
дворе́ц;19;palais;nom m.;165;;;
двою́родный брат;27;cousin;expression;165;;;
де́вичья фами́лия;25;nom de jeune fille;expression;165;;;
де́вочка;3;fillette;nom f.;165;;;
де́вушка;15;jeune fille;nom f.;165;;;
девяно́сто;15;quatre-vingt-dix;nombre;165;;;
девятьсо́т;15;neuf cents;nombre;165;;;
девя́тый;9;neuvième;nombre;165;;;
де́вять;9;neuf;nombre;165;;;
де́душка;2;grand-père;nom m.;165;;;
дека́брь;18;décembre;nom m.;165;;;
де́лать;6;faire;verbe;165;делаю, делаешь, делает, делаем, делаете, делают;делал, делала, делало, делали;делай, делайте
дели́ть;26;partager, diviser;verbe;165;делю, делишь, делит, делим, делите, делят;делил, делила, делило, делили;дели, делите
де́ло;4;affaire;nom n.;165;;;
день;2;jour, journée;nom m.;165;;;
день рожде́ния;18;anniversaire;expression;165;;;
де́ньги;8;argent;nom pl.;165;;;
дере́вня;12;village, campagne;nom f.;165;;;
деся́тый;10;dixième;nombre;165;;;
де́сять;10;dix;nombre;165;;;
детекти́в;16;roman policier, polar;nom m.;165;;;
де́ти;4;enfants;nom pl.;165;;;
дешёвый;15;bon marché;adjectif;165;;;
джи́нсы;8;jean;nom pl.;165;;;
диало́г;11;dialogue;nom m.;165;;;
дли́нный;8;long;adjectif;165;;;
днём;11;l'après-midi, dans la journée;adverbe;165;;;
до́брый;3;bon, gentil;adjectif;165;;;
дово́льно;27;assez;adverbe;165;;;
дое́хать;19;arriver (en véhicule);verbe;165;доеду, доедешь, доедет, доедем, доедете, доедут;доехал, доехала, доехало, доехали;доезжай, доезжайте
дойти́;19;arriver (à pied);verbe;165;дойду, дойдёшь, дойдёт, дойдём, дойдёте, дойдут;дошёл, дошла, дошло, дошли;дойди, дойдите
до́лго;16;longtemps;adverbe;165;;;
до́лжен;9;devoir (il doit);adjectif;165;;;
дом;1;maison;nom m.;165;;;
до́ма;6;à la maison;adverbe;165;;;
дома́шнее зада́ние;9;devoirs (à la maison);expression;165;;;
доро́га;26;route, chemin;nom f.;165;;;
дорого́й;15;"cher (prix ; aussi « cher ami », L23)";adjectif;165;;;
до свида́ния;2;au revoir;expression;165;;;
доста́точно;27;assez, suffisamment;adverbe;165;;;
дочь;1;fille (enfant);nom f.;165;;;
друг;1;ami;nom m.;165;;;
друго́й;16;autre;adjectif;165;;;
ду́мать;5;penser;verbe;165;думаю, думаешь, думает, думаем, думаете, думают;думал, думала, думало, думали;думай, думайте
дура́к;28;imbécile;nom m.;165;;;
дура́цкий;27;stupide, idiot;adjectif;165;;;
духи́;18;parfum;nom pl.;165;;;
дым;1;fumée;nom m.;165;;;
ды́ня;11;melon;nom f.;165;;;
дя́дя;2;oncle;nom m.;165;;;
его́;5;"son, sa, ses (à lui) ; le";pronom;165;;;
её;5;"son, sa, ses (à elle) ; la";pronom;165;;;
е́здить;19;aller (en véhicule, régulièrement);verbe;165;езжу, ездишь, ездит, ездим, ездите, ездят;ездил, ездила, ездило, ездили;езди, ездите
е́сли;9;si;conjonction;165;;;
есть;9;"manger ; il y a";verbe;165;ем, ешь, ест, едим, едите, едят;ел, ела, ело, ели;ешь, ешьте
е́хать;19;aller (en véhicule);verbe;165;еду, едешь, едет, едем, едете, едут;ехал, ехала, ехало, ехали;поезжай, поезжайте
ещё;7;encore;adverbe;165;;;
жа́дный;27;avare, avide;adjectif;165;;;
жале́ть;24;"regretter ; avoir pitié";verbe;165;жалею, жалеешь, жалеет, жалеем, жалеете, жалеют;жалел, жалела, жалело, жалели;жалей, жалейте
жаль;9;dommage;adverbe;165;;;
жа́рко;28;il fait chaud;adverbe;165;;;
ждать;13;attendre;verbe;165;жду, ждёшь, ждёт, ждём, ждёте, ждут;ждал, ждала, ждало, ждали;жди, ждите
жела́ть;23;souhaiter;verbe;165;желаю, желаешь, желает, желаем, желаете, желают;желал, желала, желало, желали;желай, желайте
жена́;6;épouse;nom f.;165;;;
жена́тый;27;marié (homme);adjectif;165;;;
же́нщина;18;femme;nom f.;165;;;
жёлтый;8;jaune;adjectif;165;;;
жи́вопись;19;peinture (art);nom f.;165;;;
живо́т;14;ventre;nom m.;165;;;
жизнь;23;vie;nom f.;165;;;
жира́ф;12;girafe;nom m.;165;;;
жить;12;vivre, habiter;verbe;165;живу, живёшь, живёт, живём, живёте, живут;жил, жила, жило, жили;живи, живите
журна́л;3;magazine, revue;nom m.;165;;;
журнали́ст;3;journaliste;nom m.;165;;;
за;27;"derrière ; pour";préposition;165;;;
заблуди́ться;23;se perdre;verbe;165;заблужусь, заблудишься, заблудится, заблудимся, заблудитесь, заблудятся;заблудился, заблудилась, заблудилось, заблудились;не заблудись, не заблудитесь
забыва́ть;16;oublier;verbe;165;забываю, забываешь, забывает, забываем, забываете, забывают;забывал, забывала, забывало, забывали;забывай, забывайте
заво́д;1;usine;nom m.;165;;;
за́втра;14;demain;adverbe;165;;;
за́втрак;11;petit-déjeuner;nom m.;165;;;
за́втракать;16;prendre le petit-déjeuner;verbe;165;завтракаю, завтракаешь, завтракает, завтракаем, завтракаете, завтракают;завтракал, завтракала, завтракало, завтракали;завтракай, завтракайте
загора́ть;24;bronzer;verbe;165;загораю, загораешь, загорает, загораем, загораете, загорают;загорал, загорала, загорало, загорали;загорай, загорайте
зако́нчить;27;terminer;verbe;165;закончу, закончишь, закончит, закончим, закончите, закончат;закончил, закончила, закончило, закончили;закончи, закончите
зал;12;salle;nom m.;165;;;
за́пад;12;ouest;nom m.;165;;;
занима́ться;23;s'occuper de, pratiquer (un sport);verbe;165;занимаюсь, занимаешься, занимается, занимаемся, занимаетесь, занимаются;занимался, занималась, занималось, занимались;занимайся, занимайтесь
за́нят;18;occupé;adjectif;165;;;
заня́тие;13;"cours, leçon ; occupation";nom n.;165;;;
заря́дка (заря́дник);4;chargeur;nom f.;165;;;
засыпа́ть;24;s'endormir;verbe;165;засыпаю, засыпаешь, засыпает, засыпаем, засыпаете, засыпают;засыпал, засыпала, засыпало, засыпали;засыпай, засыпайте
заче́м;26;pourquoi, dans quel but;adverbe;165;;;
звать;1;appeler;verbe;165;зову, зовёшь, зовёт, зовём, зовёте, зовут;звал, звала, звало, звали;зови, зовите
звони́ть;9;téléphoner, sonner;verbe;165;звоню, звонишь, звонит, звоним, звоните, звонят;звонил, звонила, звонило, звонили;звони, звоните
зда́ние;1;bâtiment;nom n.;165;;;
здесь;6;ici;adverbe;165;;;
здоро́вье;23;santé;nom n.;165;;;
здра́вствуйте;2;bonjour;expression;165;;;
зе́лень;11;fines herbes, verdure;nom f.;165;;;
зелёный;8;vert;adjectif;165;;;
зе́ркало;14;miroir;nom n.;165;;;
зима́;18;hiver;nom f.;165;;;
злой;27;méchant;adjectif;165;;;
знако́миться;23;faire connaissance;verbe;165;знакомлюсь, знакомишься, знакомится, знакомимся, знакомитесь, знакомятся;знакомился, знакомилась, знакомилось, знакомились;знакомься, знакомьтесь
знать;6;savoir, connaître;verbe;165;знаю, знаешь, знает, знаем, знаете, знают;знал, знала, знало, знали;знай, знайте
зна́чить;26;signifier;verbe;165;значу, значишь, значит, значим, значите, значат;значил, значила, значило, значили;
зонт;2;parapluie;nom m.;165;;;
и;1;et;conjonction;165;;;
игра́ть;9;jouer;verbe;165;играю, играешь, играет, играем, играете, играют;играл, играла, играло, играли;играй, играйте
идти́;19;aller (à pied);verbe;165;иду, идёшь, идёт, идём, идёте, идут;шёл, шла, шло, шли;иди, идите
изве́стный;5;célèbre, connu;adjectif;165;;;
извини́те;3;excusez-moi;expression;165;;;
изуча́ть;5;étudier;verbe;165;изучаю, изучаешь, изучает, изучаем, изучаете, изучают;изучал, изучала, изучало, изучали;изучай, изучайте
икра́;11;caviar;nom f.;165;;;
и́ли;11;ou;conjonction;165;;;
и́мя;25;prénom;nom n.;166;;;
инжене́р;3;ingénieur;nom m.;166;;;
иногда́;13;parfois;adverbe;166;;;
иностра́нец;6;étranger (personne);nom m.;166;;;
иностра́нный;8;étranger (adj.);adjectif;166;;;
интере́сный;13;intéressant;adjectif;166;;;
интересова́ться;23;s'intéresser à;verbe;166;интересуюсь, интересуешься, интересуется, интересуемся, интересуетесь, интересуются;интересовался, интересовалась, интересовалось, интересовались;интересуйся, интересуйтесь
иска́ть;16;chercher;verbe;166;ищу, ищешь, ищет, ищем, ищете, ищут;искал, искала, искало, искали;ищи, ищите
иску́сство;19;art;nom n.;166;;;
испа́нец/испа́нка;5;Espagnol / Espagnole;nom m.;166;;;
испа́нский;5;espagnol;adjectif;166;;;
истори́ческий;12;historique;adjectif;166;;;
исто́рия;11;histoire;nom f.;166;;;
исчеза́ть;28;disparaître;verbe;166;исчезаю, исчезаешь, исчезает, исчезаем, исчезаете, исчезают;исчезал, исчезала, исчезало, исчезали;исчезай, исчезайте
и так да́лее;26;et ainsi de suite, etc.;expression;166;;;
ию́ль;18;juillet;nom m.;166;;;
ию́нь;18;juin;nom m.;166;;;
ка́ждый;16;chaque;pronom;166;;;
ка́жется (мне);16;il (me) semble;expression;166;;;
как;4;comment, comme;adverbe;166;;;
како́й;5;quel;pronom;166;;;
капу́ста;11;chou;nom f.;166;;;
каранда́ш;3;crayon;nom m.;166;;;
ка́рий;27;marron (yeux);adjectif;166;;;
ка́рта;1;carte;nom f.;166;;;
карти́на;11;tableau (peinture);nom f.;166;;;
карто́фель;11;pommes de terre;nom m.;166;;;
ката́ться;24;faire du (vélo, ski, patin…);verbe;166;катаюсь, катаешься, катается, катаемся, катаетесь, катаются;катался, каталась, каталось, катались;катайся, катайтесь
ка́ша;11;kacha, bouillie;nom f.;166;;;
ка́шель;14;toux;nom m.;166;;;
кафе́;2;café (lieu);nom n.;166;;;
кварти́ра;8;appartement;nom f.;166;;;
кенгуру́;12;kangourou;nom m.;166;;;
кино́;12;cinéma;nom n.;166;;;
кни́га;3;livre;nom f.;166;;;
когда́;11;quand;adverbe;166;;;
колбаса́;11;saucisson;nom f.;166;;;
коме́дия;11;comédie;nom f.;166;;;
коммента́рий;11;commentaire;nom m.;166;;;
ко́мната;1;pièce, chambre;nom f.;166;;;
комплиме́нт;27;compliment;nom m.;166;;;
компо́т;11;compote (boisson);nom m.;166;;;
компью́тер;4;ordinateur;nom m.;166;;;
коне́ц;21;fin;nom m.;166;;;
коне́чно;5;bien sûr;adverbe;166;;;
контро́льная рабо́та;9;contrôle, interrogation écrite;expression;166;;;
конфе́та;15;bonbon;nom f.;166;;;
конце́рт;11;concert;nom m.;166;;;
конча́ть(ся);16;finir, se terminer;verbe;166;кончаю, кончаешь, кончает, кончаем, кончаете, кончают;кончал, кончала, кончало, кончали;кончай, кончайте
коро́бка;15;boîte;nom f.;166;;;
коро́ткий;8;court;adjectif;166;;;
костю́м;15;costume;nom m.;166;;;
кори́чневый;8;marron, brun;adjectif;166;;;
кот;2;chat;nom m.;166;;;
кото́рый;16;qui, lequel;pronom;166;;;
ко́фе;2;café (boisson);nom m.;166;;;
ко́шка;26;chatte, chat;nom f.;166;;;
краси́вый;7;beau, joli;adjectif;166;;;
кра́сный;8;rouge;adjectif;166;;;
кре́сло;4;fauteuil;nom n.;166;;;
крова́ть;4;lit;nom f.;166;;;
крокоди́л;12;crocodile;nom m.;166;;;
кро́ме;28;sauf, excepté;préposition;166;;;
кста́ти;13;à propos;adverbe;166;;;
кто;1;qui;pronom;166;;;
культу́рный;27;cultivé, poli;adjectif;166;;;
купи́ть;9;acheter;verbe;166;куплю, купишь, купит, купим, купите, купят;купил, купила, купило, купили;купи, купите
кури́ть;6;fumer;verbe;166;курю, куришь, курит, курим, курите, курят;курил, курила, курило, курили;кури, курите
куро́рт;9;station balnéaire;nom m.;166;;;
ку́ртка;24;veste, blouson;nom f.;166;;;
ку́хня;12;cuisine;nom f.;166;;;
ла́мпа;4;lampe;nom f.;166;;;
легко́;7;"facilement ; c'est facile";adverbe;166;;;
лежа́ть;12;être couché, se trouver (à plat);verbe;166;лежу, лежишь, лежит, лежим, лежите, лежат;лежал, лежала, лежало, лежали;лежи, лежите
лека́рство;14;médicament;nom n.;166;;;
ле́кция;9;cours magistral, conférence;nom f.;166;;;
лени́вый;27;paresseux;adjectif;166;;;
лес;12;forêt;nom m.;166;;;
литерату́ра;4;littérature;nom f.;166;;;
лист;20;feuille;nom m.;166;;;
лить;26;verser;verbe;166;лью, льёшь, льёт, льём, льёте, льют;лил, лила, лило, лили;лей, лейте
ле́то;18;été;nom n.;166;;;
лицо́;27;visage;nom n.;166;;;
ложи́ться;16;se coucher;verbe;166;ложусь, ложишься, ложится, ложимся, ложитесь, ложатся;ложился, ложилась, ложилось, ложились;ложись, ложитесь
ло́жка;3;cuillère;nom f.;166;;;
лук;11;oignon;nom m.;166;;;
лу́чше;15;mieux;adverbe;166;;;
люби́ть;11;aimer;verbe;166;люблю, любишь, любит, любим, любите, любят;любил, любила, любило, любили;люби, любите
любо́вь;28;amour;nom f.;166;;;
любопы́тный;27;curieux;adjectif;166;;;
любопы́тство;28;curiosité;nom n.;166;;;
лю́ди;4;gens;nom pl.;166;;;
магази́н;1;magasin;nom m.;166;;;
май;18;mai;nom m.;166;;;
макаро́ны;11;pâtes;nom pl.;166;;;
ма́ленький;8;petit;adjectif;166;;;
ма́ло;7;peu;adverbe;166;;;
ма́льчик;3;garçon;nom m.;166;;;
ма́рка;15;"timbre ; marque";nom f.;166;;;
март;18;mars;nom m.;166;;;
ма́сло;11;beurre, huile;nom n.;166;;;
матрёшка;5;poupée russe;nom f.;166;;;
мать;4;mère;nom f.;166;;;
маши́на;4;voiture;nom f.;166;;;
медве́дь;24;ours;nom m.;166;;;
ме́дленно;7;lentement;adverbe;166;;;
медсестра́;3;infirmière;nom f.;166;;;
ме́жду;23;entre;préposition;166;;;
ме́сто;2;place, endroit;nom n.;166;;;
ме́сяц;13;mois;nom m.;166;;;
метро́;1;métro;nom n.;166;;;
мечта́тельно;22;rêveusement;adverbe;166;;;
мечта́ть;19;rêver;verbe;166;мечтаю, мечтаешь, мечтает, мечтаем, мечтаете, мечтают;мечтал, мечтала, мечтало, мечтали;мечтай, мечтайте
меша́ть;28;déranger, gêner;verbe;166;мешаю, мешаешь, мешает, мешаем, мешаете, мешают;мешал, мешала, мешало, мешали;мешай, мешайте
мла́дший;17;cadet, plus jeune;adjectif;166;;;
мно́го;7;beaucoup;adverbe;166;;;
мо́жно;7;on peut, il est permis;adverbe;166;;;
мой;2;mon, ma, mes;pronom;166;;;
молодёжный;23;pour les jeunes;adjectif;166;;;
молодёжь;23;jeunesse, les jeunes;nom f.;166;;;
молодо́й;18;jeune;adjectif;166;;;
молоко́;9;lait;nom n.;166;;;
молчали́вый;27;silencieux, taciturne;adjectif;166;;;
молча́ть;28;se taire;verbe;166;молчу, молчишь, молчит, молчим, молчите, молчат;молчал, молчала, молчало, молчали;молчи, молчите
мо́ре;3;mer;nom n.;166;;;
морко́вь;11;carotte;nom f.;166;;;
моро́женое;11;glace (dessert);nom n.;166;;;
моря́к;3;marin;nom m.;166;;;
мост;19;pont;nom m.;166;;;
мотоци́кл;19;moto;nom m.;166;;;
мочь;9;pouvoir;verbe;166;могу, можешь, может, можем, можете, могут;мог, могла, могло, могли;
муж;3;mari;nom m.;166;;;
мужчи́на;18;homme;nom m.;166;;;
музе́й;4;musée;nom m.;166;;;
му́зыка;1;musique;nom f.;166;;;
музыка́нт;3;musicien;nom m.;166;;;
мультфи́льм;24;dessin animé;nom m.;166;;;
мы;3;nous;pronom;166;;;
мя́со;11;viande;nom n.;166;;;
на;12;sur, à;préposition;166;;;
наве́рное;19;probablement;adverbe;166;;;
над;28;au-dessus de;préposition;166;;;
наде́ть;25;mettre (un vêtement);verbe;167;надену, наденешь, наденет, наденем, наденете, наденут;надел, надела, надело, надели;надень, наденьте
на́до;24;il faut;adverbe;167;;;
найти́;16;trouver;verbe;167;найду, найдёшь, найдёт, найдём, найдёте, найдут;нашёл, нашла, нашло, нашли;найди, найдите
наконе́ц;16;enfin;adverbe;167;;;
напра́во;21;à droite;adverbe;167;;;
напро́тив;19;en face;adverbe;167;;;
наро́дный;15;populaire, folklorique;adjectif;167;;;
на́сморк;14;rhume (nez qui coule);nom m.;167;;;
находи́ться;12;se trouver;verbe;167;нахожусь, находишься, находится, находимся, находитесь, находятся;находился, находилась, находилось, находились;
национа́льность;5;nationalité;nom f.;167;;;
начина́ть;14;commencer;verbe;167;начинаю, начинаешь, начинает, начинаем, начинаете, начинают;начинал, начинала, начинало, начинали;начинай, начинайте
начина́ться;16;commencer (intr.);verbe;167;начинаюсь, начинаешься, начинается, начинаемся, начинаетесь, начинаются;начинался, начиналась, начиналось, начинались;
наш;5;notre, nos;pronom;167;;;
неде́ля;9;semaine;nom f.;167;;;
не́ за что;5;de rien;expression;167;;;
нельзя́;7;il est interdit, on ne peut pas;adverbe;167;;;
не́мец/не́мка;5;Allemand / Allemande;nom m.;167;;;
неме́цкий;5;allemand;adjectif;167;;;
ненави́деть;28;détester, haïr;verbe;167;ненавижу, ненавидишь, ненавидит, ненавидим, ненавидите, ненавидят;ненавидел, ненавидела, ненавидело, ненавидели;
не́нависть;28;haine;nom f.;167;;;
не́сколько;25;quelques, plusieurs;nombre;167;;;
нет;1;non;particule;167;;;
неудо́бно;24;c'est gênant, inconfortable;adverbe;167;;;
неуже́ли;25;est-ce possible ?, vraiment ?;particule;167;;;
нефть;12;pétrole;nom f.;167;;;
никогда́;14;jamais;adverbe;167;;;
никуда́;19;nulle part (direction);adverbe;167;;;
ничего́;3;"rien ; ça va";pronom;167;;;
но;5;mais;conjonction;167;;;
но́вости;28;nouvelles, actualités;nom pl.;167;;;
но́вый;8;nouveau;adjectif;167;;;
нога́;14;jambe, pied;nom f.;167;;;
нож;3;couteau;nom m.;167;;;
норма́льно;4;ça va, normalement;adverbe;167;;;
нос;14;nez;nom m.;167;;;
носки́;28;chaussettes;nom pl.;167;;;
но́та;1;note (de musique);nom f.;167;;;
ноутбу́к;14;ordinateur portable;nom m.;167;;;
ночь;11;nuit;nom f.;167;;;
ноя́брь;18;novembre;nom m.;167;;;
нра́виться;15;plaire;verbe;167;нравлюсь, нравишься, нравится, нравимся, нравитесь, нравятся;нравился, нравилась, нравилось, нравились;
ну́жно;18;il faut;adverbe;167;;;
обе́д;11;déjeuner;nom m.;167;;;
обе́дать;16;déjeuner (verbe);verbe;167;обедаю, обедаешь, обедает, обедаем, обедаете, обедают;обедал, обедала, обедало, обедали;обедай, обедайте
обижа́ться;27;se vexer;verbe;167;обижаюсь, обижаешься, обижается, обижаемся, обижаетесь, обижаются;обижался, обижалась, обижалось, обижались;не обижайся, не обижайтесь
обменя́ть;9;échanger, changer (de l'argent);verbe;167;обменяю, обменяешь, обменяет, обменяем, обменяете, обменяют;обменял, обменяла, обменяло, обменяли;обменяй, обменяйте
обра́тно;19;en retour, de retour;adverbe;167;;;
общежи́тие;12;foyer d'étudiants;nom n.;167;;;
о́бщий;18;commun;adjectif;167;;;
обы́чно;11;d'habitude;adverbe;167;;;
обяза́тельно;14;absolument, sans faute;adverbe;167;;;
о́вощ;11;légume;nom m.;167;;;
огуре́ц;11;concombre;nom m.;167;;;
одева́ться;28;s'habiller;verbe;167;одеваюсь, одеваешься, одевается, одеваемся, одеваетесь, одеваются;одевался, одевалась, одевалось, одевались;одевайся, одевайтесь
одеколо́н;18;eau de Cologne;nom m.;167;;;
оди́н;1;un;nombre;167;;;
оди́ннадцатый;11;onzième;nombre;167;;;
оди́ннадцать;11;onze;nombre;167;;;
одна́жды;16;un jour, une fois;adverbe;167;;;
окно́;1;fenêtre;nom n.;167;;;
о́коло;28;près de;préposition;167;;;
октя́брь;18;octobre;nom m.;167;;;
омле́т;11;omelette;nom m.;167;;;
он;1;il;pronom;167;;;
она́;1;elle;pronom;167;;;
они́;1;ils, elles;pronom;167;;;
оно́;1;il (neutre);pronom;167;;;
о́пера;11;opéra;nom f.;167;;;
описа́ть;27;décrire;verbe;167;опишу, опишешь, опишет, опишем, опишете, опишут;описал, описала, описало, описали;опиши, опишите
опозда́ть;14;être en retard;verbe;167;опоздаю, опоздаешь, опоздает, опоздаем, опоздаете, опоздают;опоздал, опоздала, опоздало, опоздали;не опоздай, не опоздайте
организо́ванный;27;organisé;adjectif;167;;;
о́сень;18;automne;nom f.;167;;;
осо́бенно;19;surtout, particulièrement;adverbe;167;;;
оставля́ть;28;laisser;verbe;167;оставляю, оставляешь, оставляет, оставляем, оставляете, оставляют;оставлял, оставляла, оставляло, оставляли;оставляй, оставляйте
остана́вливать;19;arrêter;verbe;167;останавливаю, останавливаешь, останавливает, останавливаем, останавливаете, останавливают;останавливал, останавливала, останавливало, останавливали;останавливай, останавливайте
остано́вка;19;arrêt (de bus);nom f.;167;;;
осторо́жно;23;"prudemment ; attention !";adverbe;167;;;
остроу́мный;27;spirituel, plein d'esprit;adjectif;167;;;
отвеча́ть;7;répondre;verbe;167;отвечаю, отвечаешь, отвечает, отвечаем, отвечаете, отвечают;отвечал, отвечала, отвечало, отвечали;отвечай, отвечайте
отдыха́ть;6;se reposer;verbe;167;отдыхаю, отдыхаешь, отдыхает, отдыхаем, отдыхаете, отдыхают;отдыхал, отдыхала, отдыхало, отдыхали;отдыхай, отдыхайте
оте́ц;3;père;nom m.;167;;;
открыва́ть;24;ouvrir;verbe;167;открываю, открываешь, открывает, открываем, открываете, открывают;открывал, открывала, открывало, открывали;открывай, открывайте
отли́чно;15;excellent, parfaitement;adverbe;167;;;
о́тпуск;19;congés, vacances;nom m.;167;;;
о́тчество;25;patronyme;nom n.;167;;;
официа́нт;3;serveur;nom m.;167;;;
о́чень;8;très;adverbe;167;;;
очки́;8;lunettes;nom pl.;167;;;
оши́бка;26;erreur, faute;nom f.;167;;;
па́лец;14;doigt;nom m.;167;;;
пальто́;8;manteau;nom n.;167;;;
па́па;2;papa;nom m.;167;;;
парк;8;parc;nom m.;167;;;
паште́т;11;pâté;nom m.;167;;;
пельме́ни;11;pelmeni (raviolis russes);nom pl.;167;;;
пенсионе́р;6;retraité;nom m.;167;;;
пе́нсия;12;retraite;nom f.;167;;;
перево́д;11;traduction;nom m.;167;;;
переводи́ть;18;traduire;verbe;167;перевожу, переводишь, переводит, переводим, переводите, переводят;переводил, переводила, переводило, переводили;переводи, переводите
пе́рвый;1;premier;nombre;167;;;
переда́ть;13;transmettre, passer;verbe;167;передам, передашь, передаст, передадим, передадите, передадут;передал, передала, передало, передали;передай, передайте
пе́ред;28;devant, avant;préposition;167;;;
пе́рец;11;poivre, poivron;nom m.;167;;;
пе́рсик;15;pêche (fruit);nom m.;167;;;
пе́сня;11;chanson;nom f.;167;;;
пече́нье;15;biscuits;nom n.;167;;;
пешко́м;19;à pied;adverbe;167;;;
пи́во;1;bière;nom n.;167;;;
пирами́да;12;pyramide;nom f.;167;;;
пирожо́к;23;petit pâté, pirojok;nom m.;167;;;
писа́тель;18;écrivain;nom m.;167;;;
писа́ть;6;écrire;verbe;167;пишу, пишешь, пишет, пишем, пишете, пишут;писал, писала, писало, писали;пиши, пишите
письмо́;4;lettre;nom n.;167;;;
пить;9;boire;verbe;167;пью, пьёшь, пьёт, пьём, пьёте, пьют;пил, пила, пило, пили;пей, пейте
пища́ть;24;piailler, couiner;verbe;167;пищу, пищишь, пищит, пищим, пищите, пищат;пищал, пищала, пищало, пищали;пищи, пищите
пла́вать;21;nager;verbe;167;плаваю, плаваешь, плавает, плаваем, плаваете, плавают;плавал, плавала, плавало, плавали;плавай, плавайте
пла́кать;23;pleurer;verbe;167;плачу, плачешь, плачет, плачем, плачете, плачут;плакал, плакала, плакало, плакали;плачь, плачьте
планше́т;4;tablette;nom m.;167;;;
плати́ть;16;payer;verbe;167;плачу, платишь, платит, платим, платите, платят;платил, платила, платило, платили;плати, платите
пла́тье;8;robe;nom n.;167;;;
племя́нник;23;neveu;nom m.;167;;;
пло́хо;4;mal;adverbe;167;;;
пло́щадь;8;place;nom f.;167;;;
пляж;24;plage;nom m.;167;;;
по́вар;3;cuisinier;nom m.;167;;;
пого́да;1;météo, temps;nom f.;167;;;
под;27;sous;préposition;167;;;
пода́рок;18;cadeau;nom m.;167;;;
подле́ц;25;crapule, salaud;nom m.;167;;;
поднима́ть;19;lever, soulever;verbe;167;поднимаю, поднимаешь, поднимает, поднимаем, поднимаете, поднимают;поднимал, поднимала, поднимало, поднимали;поднимай, поднимайте
подру́га;1;amie;nom f.;167;;;
подчёркивать;26;souligner;verbe;167;подчёркиваю, подчёркиваешь, подчёркивает, подчёркиваем, подчёркиваете, подчёркивают;подчёркивал, подчёркивала, подчёркивало, подчёркивали;подчёркивай, подчёркивайте
по́езд;19;train;nom m.;167;;;
пое́здка;20;voyage, trajet;nom f.;167;;;
пое́хать;20;partir (en véhicule);verbe;167;поеду, поедешь, поедет, поедем, поедете, поедут;поехал, поехала, поехало, поехали;поезжай, поезжайте
пожа́луйста;3;"s'il vous plaît ; je vous en prie";expression;167;;;
по́здно;21;tard;adverbe;167;;;
поздравле́ние;22;félicitations, vœux;nom n.;167;;;
поздравля́ть;23;féliciter;verbe;167;поздравляю, поздравляешь, поздравляет, поздравляем, поздравляете, поздравляют;поздравлял, поздравляла, поздравляло, поздравляли;поздравляй, поздравляйте
по́зже;13;plus tard;adverbe;167;;;
познако́миться;1;faire connaissance;verbe;167;познакомлюсь, познакомишься, познакомится, познакомимся, познакомитесь, познакомятся;познакомился, познакомилась, познакомилось, познакомились;познакомься, познакомьтесь
пойти́;20;aller, partir (à pied);verbe;167;пойду, пойдёшь, пойдёт, пойдём, пойдёте, пойдут;пошёл, пошла, пошло, пошли;пойди, пойдите
пока́;2;"salut (au revoir) ; pendant que";expression;167;;;
пока́зывать;14;montrer;verbe;167;показываю, показываешь, показывает, показываем, показываете, показывают;показывал, показывала, показывало, показывали;показывай, показывайте
покупа́ть;9;acheter;verbe;168;покупаю, покупаешь, покупает, покупаем, покупаете, покупают;покупал, покупала, покупало, покупали;покупай, покупайте
пол;12;sol, plancher;nom m.;168;;;
поле́зно;26;c'est utile, bon pour la santé;adverbe;168;;;
поли́тик;8;homme politique;nom m.;168;;;
поли́ция;15;police;nom f.;168;;;
по́лный;27;"plein ; corpulent";adjectif;168;;;
по́льский;5;polonais;adjectif;168;;;
поля́к/по́лька;5;Polonais / Polonaise;nom m.;168;;;
помидо́р;11;tomate;nom m.;168;;;
помога́ть;18;aider;verbe;168;помогаю, помогаешь, помогает, помогаем, помогаете, помогают;помогал, помогала, помогало, помогали;помогай, помогайте
по-мо́ему;24;à mon avis;adverbe;168;;;
понеде́льник;9;lundi;nom m.;168;;;
понима́ть;7;comprendre;verbe;168;понимаю, понимаешь, понимает, понимаем, понимаете, понимают;понимал, понимала, понимало, понимали;понимай, понимайте
портфе́ль;4;cartable, serviette;nom m.;168;;;
по́сле;14;après;préposition;168;;;
после́дний;18;dernier;adjectif;168;;;
потеря́ть;28;perdre;verbe;168;потеряю, потеряешь, потеряет, потеряем, потеряете, потеряют;потерял, потеряла, потеряло, потеряли;не потеряй, не потеряйте
пото́м;7;ensuite, puis;adverbe;168;;;
по-ру́сски;5;en russe;adverbe;168;;;
потому́ что;9;parce que;conjonction;168;;;
почему́;9;pourquoi;adverbe;168;;;
по́чта;12;poste;nom f.;168;;;
почти́;19;presque;adverbe;168;;;
поэ́тому;26;c'est pourquoi, donc;adverbe;168;;;
пра́вило;11;règle;nom n.;168;;;
пра́вильно;5;"correctement ; c'est juste";adverbe;168;;;
пра́здник;20;fête;nom m.;168;;;
предлага́ть;23;proposer;verbe;168;предлагаю, предлагаешь, предлагает, предлагаем, предлагаете, предлагают;предлагал, предлагала, предлагало, предлагали;предлагай, предлагайте
представля́ть себе́;28;s'imaginer;verbe;168;представляю, представляешь, представляет, представляем, представляете, представляют;представлял, представляла, представляло, представляли;представляй, представляйте
преподава́тель;3;enseignant, professeur;nom m.;168;;;
прекра́сно;4;magnifiquement, parfait;adverbe;168;;;
приве́т;2;salut;expression;168;;;
приглаша́ть;18;inviter;verbe;168;приглашаю, приглашаешь, приглашает, приглашаем, приглашаете, приглашают;приглашал, приглашала, приглашало, приглашали;приглашай, приглашайте
прие́хать;21;arriver (en véhicule);verbe;168;приеду, приедешь, приедет, приедем, приедете, приедут;приехал, приехала, приехало, приехали;приезжай, приезжайте
прийти́;21;arriver, venir (à pied);verbe;168;приду, придёшь, придёт, придём, придёте, придут;пришёл, пришла, пришло, пришли;приди, придите
принима́ть;18;"prendre (médicament) ; recevoir";verbe;168;принимаю, принимаешь, принимает, принимаем, принимаете, принимают;принимал, принимала, принимало, принимали;принимай, принимайте
приро́да;20;nature;nom f.;168;;;
присыла́ть;22;envoyer;verbe;168;присылаю, присылаешь, присылает, присылаем, присылаете, присылают;присылал, присылала, присылало, присылали;присылай, присылайте
про́бовать;26;essayer, goûter;verbe;168;пробую, пробуешь, пробует, пробуем, пробуете, пробуют;пробовал, пробовала, пробовало, пробовали;пробуй, пробуйте
провожа́ть;23;raccompagner;verbe;168;провожаю, провожаешь, провожает, провожаем, провожаете, провожают;провожал, провожала, провожало, провожали;провожай, провожайте
продаве́ц;15;vendeur;nom m.;168;;;
проду́кты;9;produits alimentaires, courses;nom pl.;168;;;
про́за;28;prose;nom f.;168;;;
проси́ть;13;demander (une faveur);verbe;168;прошу, просишь, просит, просим, просите, просят;просил, просила, просило, просили;проси, просите
проспе́кт;8;avenue;nom m.;168;;;
Прости́те!;6;Pardon !;expression;168;;;
простуди́ться;14;attraper froid, s'enrhumer;verbe;168;простужусь, простудишься, простудится, простудимся, простудитесь, простудятся;простудился, простудилась, простудилось, простудились;не простудись, не простудитесь
просыпа́ться;19;se réveiller;verbe;168;просыпаюсь, просыпаешься, просыпается, просыпаемся, просыпаетесь, просыпаются;просыпался, просыпалась, просыпалось, просыпались;просыпайся, просыпайтесь
профе́ссия;3;profession, métier;nom f.;168;;;
пря́мо;21;tout droit;adverbe;168;;;
пря́ник;23;pain d'épices;nom m.;168;;;
пу́таться;24;s'embrouiller, se tromper;verbe;168;путаюсь, путаешься, путается, путаемся, путаетесь, путаются;путался, путалась, путалось, путались;не путайся, не путайтесь
пя́тница;9;vendredi;nom f.;168;;;
пятьдеся́т;15;cinquante;nombre;168;;;
пя́тый;5;cinquième;nombre;168;;;
пять;5;cinq;nombre;168;;;
пятьсо́т;15;cinq cents;nombre;168;;;
рабо́та;9;travail;nom f.;168;;;
рабо́тать;6;travailler;verbe;168;работаю, работаешь, работает, работаем, работаете, работают;работал, работала, работало, работали;работай, работайте
рад (-а, -ы);16;content (de);adjectif;168;;;
ра́дио;7;radio;nom n.;168;;;
ра́дость;23;joie;nom f.;168;;;
раз;11;fois;nom m.;168;;;
ра́зве;14;est-ce que vraiment ?;particule;168;;;
разгова́ривать;20;discuter, converser;verbe;168;разговариваю, разговариваешь, разговаривает, разговариваем, разговариваете, разговаривают;разговаривал, разговаривала, разговаривало, разговаривали;разговаривай, разговаривайте
разгово́рчивый;27;bavard;adjectif;168;;;
ра́зный;12;différent, divers;adjectif;168;;;
разреша́ть;20;permettre;verbe;168;разрешаю, разрешаешь, разрешает, разрешаем, разрешаете, разрешают;разрешал, разрешала, разрешало, разрешали;разрешай, разрешайте
раке́тка;18;raquette;nom f.;168;;;
ра́но;20;tôt;adverbe;168;;;
расска́з;11;récit, nouvelle;nom m.;168;;;
расска́зывать;11;raconter;verbe;168;рассказываю, рассказываешь, рассказывает, рассказываем, рассказываете, рассказывают;рассказывал, рассказывала, рассказывало, рассказывали;рассказывай, рассказывайте
рассо́льник;11;rassolnik (soupe aux cornichons);nom m.;168;;;
ребёнок;4;enfant;nom m.;168;;;
реда́кция;23;rédaction;nom f.;168;;;
ре́дкий;28;rare;adjectif;168;;;
ре́дко;16;rarement;adverbe;168;;;
река́;3;rivière, fleuve;nom f.;168;;;
рестора́н;9;restaurant;nom m.;168;;;
реши́ть;15;"décider ; résoudre";verbe;168;решу, решишь, решит, решим, решите, решат;решил, решила, решило, решили;реши, решите
рисова́ть;19;dessiner;verbe;168;рисую, рисуешь, рисует, рисуем, рисуете, рисуют;рисовал, рисовала, рисовало, рисовали;рисуй, рисуйте
роди́тели;12;parents;nom pl.;168;;;
родно́й;5;natal, maternel (langue);adjectif;168;;;
ро́дственник;25;parent (membre de la famille);nom m.;168;;;
Рождество́;23;Noël;nom n.;168;;;
ро́за;4;rose;nom f.;168;;;
ро́зовый;8;rose (couleur);adjectif;168;;;
романти́чный;27;romantique;adjectif;168;;;
росси́йский;8;russe (de Russie);adjectif;168;;;
рост;27;taille (hauteur);nom m.;168;;;
рот;14;bouche;nom m.;168;;;
руба́шка;28;chemise;nom f.;168;;;
рубль;15;rouble;nom m.;168;;;
рука́;14;main, bras;nom f.;168;;;
ру́сский;5;russe;adjectif;168;;;
ру́чка;4;stylo;nom f.;168;;;
ры́ба;4;poisson;nom f.;168;;;
ры́нок;12;marché;nom m.;168;;;
рыча́ть;24;grogner, rugir;verbe;168;рычу, рычишь, рычит, рычим, рычите, рычат;рычал, рычала, рычало, рычали;рычи, рычите
рюкза́к;2;sac à dos;nom m.;168;;;
ря́дом;25;à côté;adverbe;168;;;
сад;1;jardin;nom m.;168;;;
сайт;6;site web;nom m.;168;;;
саксофо́н;12;saxophone;nom m.;168;;;
сала́т;11;salade;nom m.;168;;;
сам (-а, -и);23;soi-même, lui-même;pronom;168;;;
самова́р;8;samovar;nom m.;168;;;
самолёт;19;avion;nom m.;168;;;
самостоя́тельно;26;de façon autonome;adverbe;168;;;
са́мый;24;le plus;pronom;168;;;
санато́рий;4;sanatorium, maison de repos;nom m.;168;;;
са́хар;9;sucre;nom m.;168;;;
све́тлый;27;clair;adjectif;168;;;
свёкла;11;betterave;nom f.;168;;;
свида́ние;28;rendez-vous (amoureux);nom n.;168;;;
свобо́дное вре́мя;23;temps libre;expression;168;;;
свой;25;son propre;pronom;168;;;
се́вер;12;nord;nom m.;168;;;
сего́дня;9;aujourd'hui;adverbe;168;;;
седо́й;27;aux cheveux gris;adjectif;168;;;
сейча́с;6;maintenant;adverbe;168;;;
секрета́рь;23;secrétaire;nom m.;168;;;
се́лфи;6;selfie;nom n.;168;;;
семе́йный;27;familial;adjectif;168;;;
семь;7;sept;nombre;168;;;
се́мьдесят;15;soixante-dix;nombre;168;;;
семьсо́т;15;sept cents;nombre;168;;;
семья́;6;famille;nom f.;168;;;
сентя́брь;18;septembre;nom m.;168;;;
се́рый;27;gris;adjectif;168;;;
сестра́;3;sœur;nom f.;168;;;
сиде́ть;18;être assis;verbe;168;сижу, сидишь, сидит, сидим, сидите, сидят;сидел, сидела, сидело, сидели;сиди, сидите
си́ла;26;force;nom f.;168;;;
симпати́чный;26;sympathique, mignon;adjectif;168;;;
си́ний;8;bleu foncé;adjectif;168;;;
сказа́ть;6;dire;verbe;168;скажу, скажешь, скажет, скажем, скажете, скажут;сказал, сказала, сказало, сказали;скажи, скажите
ска́зка;13;conte;nom f.;168;;;
ско́лько;15;combien;adverbe;168;;;
ско́рая по́мощь;15;ambulance, SAMU;expression;168;;;
скро́мный;27;modeste;adjectif;168;;;
ску́чно;26;c'est ennuyeux;adverbe;168;;;
сле́ва;19;à gauche;adverbe;168;;;
сле́дующий;20;suivant, prochain;adjectif;168;;;
сли́вки;23;crème (fraîche);nom pl.;169;;;
слова́рь;4;dictionnaire;nom m.;169;;;
сло́во;8;mot;nom n.;169;;;
случи́ться;26;arriver, se produire;verbe;169;—, —, случится, —, —, случатся;случился, случилась, случилось, случились;
слу́шать;7;écouter;verbe;169;слушаю, слушаешь, слушает, слушаем, слушаете, слушают;слушал, слушала, слушало, слушали;слушай, слушайте
смартфо́н;13;smartphone;nom m.;169;;;
смешно́й;28;drôle;adjectif;169;;;
смея́ться;24;rire;verbe;169;смеюсь, смеёшься, смеётся, смеёмся, смеётесь, смеются;смеялся, смеялась, смеялось, смеялись;смейся, смейтесь
смотре́ть;6;regarder;verbe;169;смотрю, смотришь, смотрит, смотрим, смотрите, смотрят;смотрел, смотрела, смотрело, смотрели;смотри, смотрите
снача́ла;23;d'abord;adverbe;169;;;
соба́ка;2;chien;nom f.;169;;;
собира́ться;28;"s'apprêter à ; se réunir";verbe;169;собираюсь, собираешься, собирается, собираемся, собираетесь, собираются;собирался, собиралась, собиралось, собирались;собирайся, собирайтесь
собо́р;8;cathédrale;nom m.;169;;;
сове́товать;16;conseiller;verbe;169;советую, советуешь, советует, советуем, советуете, советуют;советовал, советовала, советовало, советовали;советуй, советуйте
сове́товаться;23;demander conseil;verbe;169;советуюсь, советуешься, советуется, советуемся, советуетесь, советуются;советовался, советовалась, советовалось, советовались;советуйся, советуйтесь
совреме́нность;28;époque contemporaine;nom f.;169;;;
совреме́нный;23;moderne, contemporain;adjectif;169;;;
совсе́м;18;tout à fait, complètement;adverbe;169;;;
согла́сен;16;d'accord;adjectif;169;;;
соглаша́ться;23;être d'accord, accepter;verbe;169;соглашаюсь, соглашаешься, соглашается, соглашаемся, соглашаетесь, соглашаются;соглашался, соглашалась, соглашалось, соглашались;соглашайся, соглашайтесь
(к) сожале́нию;9;malheureusement;expression;169;;;
сок;11;jus;nom m.;169;;;
сообще́ние;18;message;nom n.;169;;;
со́рок;15;quarante;nombre;169;;;
соси́ска;11;saucisse;nom f.;169;;;
социо́лог;3;sociologue;nom m.;169;;;
спаси́бо;3;merci;expression;169;;;
спать;9;dormir;verbe;169;сплю, спишь, спит, спим, спите, спят;спал, спала, спало, спали;спи, спите
спина́;14;dos;nom f.;169;;;
спо́рить;19;se disputer, débattre;verbe;169;спорю, споришь, спорит, спорим, спорите, спорят;спорил, спорила, спорило, спорили;не спорь, не спорьте
спорт;1;sport;nom m.;169;;;
спортсме́н;11;sportif;nom m.;169;;;
спра́ва;19;à droite;adverbe;169;;;
спра́вочное;15;bureau de renseignements;nom n.;169;;;
спра́шивать;7;demander (une question);verbe;169;спрашиваю, спрашиваешь, спрашивает, спрашиваем, спрашиваете, спрашивают;спрашивал, спрашивала, спрашивало, спрашивали;спрашивай, спрашивайте
сра́зу;21;tout de suite;adverbe;169;;;
среда́;9;mercredi;nom f.;169;;;
сре́дний;24;moyen;adjectif;169;;;
сро́чно;27;d'urgence;adverbe;169;;;
стадио́н;9;stade;nom m.;169;;;
ста́нция;2;station;nom f.;169;;;
стару́ха;28;vieille femme;nom f.;169;;;
ста́рший;21;aîné, plus âgé;adjectif;169;;;
ста́рый;8;vieux;adjectif;169;;;
стать;20;devenir;verbe;169;стану, станешь, станет, станем, станете, станут;стал, стала, стало, стали;стань, станьте
статья́;11;article;nom f.;169;;;
стихи́;27;poèmes, vers;nom pl.;169;;;
сто;15;cent;nombre;169;;;
сто́ить;15;coûter;verbe;169;стою, стоишь, стоит, стоим, стоите, стоят;стоил, стоила, стоило, стоили;
стол;3;table;nom m.;169;;;
стоя́ть;19;être debout, se tenir;verbe;169;стою, стоишь, стоит, стоим, стоите, стоят;стоял, стояла, стояло, стояли;стой, стойте
страна́;2;pays;nom f.;169;;;
стра́нно;22;c'est étrange;adverbe;169;;;
стро́ить;16;construire;verbe;169;строю, строишь, строит, строим, строите, строят;строил, строила, строило, строили;строй, стройте
студе́нт;3;étudiant;nom m.;169;;;
стул;3;chaise;nom m.;169;;;
стуча́ть;24;frapper, cogner;verbe;169;стучу, стучишь, стучит, стучим, стучите, стучат;стучал, стучала, стучало, стучали;стучи, стучите
стюарде́сса;3;hôtesse de l'air;nom f.;169;;;
суббо́та;9;samedi;nom f.;169;;;
сувени́р;9;souvenir (objet);nom m.;169;;;
су́мка;3;sac;nom f.;169;;;
суп;11;soupe;nom m.;169;;;
сча́стье;23;bonheur;nom n.;169;;;
счита́ть;23;"compter ; considérer";verbe;169;считаю, считаешь, считает, считаем, считаете, считают;считал, считала, считало, считали;считай, считайте
сыр;11;fromage;nom m.;169;;;
сюже́т;19;intrigue, sujet;nom m.;169;;;
тайга́;12;taïga;nom f.;169;;;
так;9;ainsi, si, tellement;adverbe;169;;;
такси́;19;taxi;nom n.;169;;;
тако́й;18;tel, si;pronom;169;;;
там;4;là-bas;adverbe;169;;;
танцева́ть;9;danser;verbe;169;танцую, танцуешь, танцует, танцуем, танцуете, танцуют;танцевал, танцевала, танцевало, танцевали;танцуй, танцуйте
таре́лка;26;assiette;nom f.;169;;;
твой;2;ton, ta, tes;pronom;169;;;
творо́г;11;fromage blanc (tvorog);nom m.;169;;;
теа́тр;8;théâtre;nom m.;169;;;
текст;9;texte;nom m.;169;;;
телеви́зор;6;télévision;nom m.;169;;;
температу́ра;14;température, fièvre;nom f.;169;;;
те́ннис;12;tennis;nom m.;169;;;
тепе́рь;12;maintenant;adverbe;169;;;
тетра́дь;4;cahier;nom f.;169;;;
техни́ческий;12;technique;adjectif;169;;;
тёмный;24;sombre, foncé;adjectif;169;;;
тёплый;25;chaud, tiède;adjectif;169;;;
тётя;2;tante;nom f.;169;;;
то́же;3;aussi;adverbe;169;;;
то́лько;18;seulement;adverbe;169;;;
торт;15;gâteau;nom m.;169;;;
традицио́нный;19;traditionnel;adjectif;169;;;
трамва́й;19;tramway;nom m.;169;;;
тре́нер;3;entraîneur;nom m.;169;;;
тре́тий;3;troisième;nombre;169;;;
три;3;trois;nombre;169;;;
три́дцать;15;trente;nombre;169;;;
трина́дцатый;13;treizième;nombre;169;;;
трина́дцать;13;treize;nombre;169;;;
три́ста;15;trois cents;nombre;169;;;
тролле́йбус;19;trolleybus;nom m.;169;;;
тру́дно;7;c'est difficile;adverbe;169;;;
трудолюби́вый;27;travailleur;adjectif;169;;;
туда́;19;là-bas (direction);adverbe;169;;;
ты;3;tu;pronom;169;;;
ты́сяча;15;mille;nombre;169;;;
у;27;chez, près de;préposition;169;;;
убира́ть;28;ranger, faire le ménage;verbe;169;убираю, убираешь, убирает, убираем, убираете, убирают;убирал, убирала, убирало, убирали;убирай, убирайте
уве́рен (-а, -ы);16;sûr, certain;adjectif;169;;;
у́гол;12;coin, angle;nom m.;169;;;
уда́ча;13;chance;nom f.;169;;;
удивля́ть;22;étonner;verbe;169;удивляю, удивляешь, удивляет, удивляем, удивляете, удивляют;удивлял, удивляла, удивляло, удивляли;удивляй, удивляйте
удово́льствие;9;plaisir;nom n.;169;;;
уе́хать;19;partir (en véhicule);verbe;169;уеду, уедешь, уедет, уедем, уедете, уедут;уехал, уехала, уехало, уехали;уезжай, уезжайте
уже́;7;déjà;adverbe;169;;;
у́жин;11;dîner;nom m.;169;;;
у́жинать;16;dîner (verbe);verbe;169;ужинаю, ужинаешь, ужинает, ужинаем, ужинаете, ужинают;ужинал, ужинала, ужинало, ужинали;ужинай, ужинайте
у́зкий;8;étroit;adjectif;169;;;
узна́ть;27;"apprendre (une nouvelle) ; reconnaître";verbe;169;узнаю, узнаешь, узнает, узнаем, узнаете, узнают;узнал, узнала, узнало, узнали;узнай, узнайте
уйти́;19;partir (à pied);verbe;169;уйду, уйдёшь, уйдёт, уйдём, уйдёте, уйдут;ушёл, ушла, ушло, ушли;уйди, уйдите
укра́сть;28;voler (dérober);verbe;169;украду, украдёшь, украдёт, украдём, украдёте, украдут;украл, украла, украло, украли;
у́лица;8;rue;nom f.;169;;;
улыба́ться;23;sourire;verbe;169;улыбаюсь, улыбаешься, улыбается, улыбаемся, улыбаетесь, улыбаются;улыбался, улыбалась, улыбалось, улыбались;улыбайся, улыбайтесь
уме́ть;26;savoir (faire);verbe;169;умею, умеешь, умеет, умеем, умеете, умеют;умел, умела, умело, умели;
умира́ть;26;mourir;verbe;169;умираю, умираешь, умирает, умираем, умираете, умирают;умирал, умирала, умирало, умирали;умирай, умирайте
у́мный;24;intelligent;adjectif;169;;;
университе́т;12;université;nom m.;169;;;
упражне́ние;4;exercice;nom n.;169;;;
уро́к;1;leçon;nom m.;169;;;
усло́вие;26;condition;nom n.;169;;;
успе́х;23;succès;nom m.;169;;;
уста́л (-а, -и);16;fatigué;adjectif;169;;;
у́тро;2;matin;nom n.;169;;;
у́хо;14;oreille;nom n.;169;;;
уче́бник;5;manuel;nom m.;169;;;
учени́к;5;élève;nom m.;169;;;
учи́тель;25;instituteur, professeur;nom m.;169;;;
учи́тельница;23;institutrice, professeure;nom f.;169;;;
учи́ть;9;"apprendre ; enseigner";verbe;169;учу, учишь, учит, учим, учите, учат;учил, учила, учило, учили;учи, учите
учи́ться;12;étudier, faire ses études;verbe;170;учусь, учишься, учится, учимся, учитесь, учатся;учился, училась, училось, учились;учись, учитесь
ую́тный;12;confortable, douillet;adjectif;170;;;
фами́лия;25;nom de famille;nom f.;170;;;
февра́ль;18;février;nom m.;170;;;
фе́рма;12;ferme;nom f.;170;;;
фигу́ра;27;silhouette, figure;nom f.;170;;;
фи́зик;3;physicien;nom m.;170;;;
филармо́ния;18;philharmonie;nom f.;170;;;
фильм;8;film;nom m.;170;;;
финн/фи́нка;5;Finlandais / Finlandaise;nom m.;170;;;
фи́нский;5;finlandais;adjectif;170;;;
фи́рма;13;entreprise, société;nom f.;170;;;
фле́шка;4;clé USB;nom f.;170;;;
фортепиа́но;12;piano;nom n.;170;;;
фо́рум;12;forum;nom m.;170;;;
фотоаппара́т;14;appareil photo;nom m.;170;;;
фото́граф;3;photographe;nom m.;170;;;
фотогра́фия;4;photographie;nom f.;170;;;
фра́за;14;phrase;nom f.;170;;;
фрукт;11;fruit;nom m.;170;;;
футбо́л;11;football;nom m.;170;;;
футболи́ст;3;footballeur;nom m.;170;;;
фьорд;12;fjord;nom m.;170;;;
хара́ктер;24;caractère;nom m.;170;;;
хи́мик;3;chimiste;nom m.;170;;;
хлеб;9;pain;nom m.;170;;;
ходи́ть;19;aller (à pied, régulièrement), marcher;verbe;170;хожу, ходишь, ходит, ходим, ходите, ходят;ходил, ходила, ходило, ходили;ходи, ходите
холоди́льник;28;réfrigérateur;nom m.;170;;;
хо́лодно;14;il fait froid;adverbe;170;;;
хоро́ший;12;bon;adjectif;170;;;
хорошо́;4;bien;adverbe;170;;;
хоте́ть;5;vouloir;verbe;170;хочу, хочешь, хочет, хотим, хотите, хотят;хотел, хотела, хотело, хотели;
худо́жник;3;peintre, artiste;nom m.;170;;;
худо́й;27;maigre, mince;adjectif;170;;;
цветы́;9;fleurs;nom pl.;170;;;
целова́ть;13;embrasser;verbe;170;целую, целуешь, целует, целуем, целуете, целуют;целовал, целовала, целовало, целовали;целуй, целуйте
це́лый;16;entier;adjectif;170;;;
центр;2;centre;nom m.;170;;;
чай;11;thé;nom m.;170;;;
ча́сто;8;souvent;adverbe;170;;;
часть;26;partie;nom f.;170;;;
часы́;8;montre, horloge;nom pl.;170;;;
чат;12;chat (messagerie);nom m.;170;;;
ча́шка;8;tasse;nom f.;170;;;
чей;8;à qui;pronom;170;;;
челове́к;4;personne, être humain;nom m.;170;;;
чемода́н;4;valise;nom m.;170;;;
че́рез;19;"à travers ; dans (temps)";préposition;170;;;
черты́ лица́;27;traits du visage;expression;170;;;
четве́рг;9;jeudi;nom m.;170;;;
четвёртый;4;quatrième;nombre;170;;;
четы́ре;4;quatre;nombre;170;;;
четы́реста;15;quatre cents;nombre;170;;;
чёрный;8;noir;adjectif;170;;;
чи́стый;28;propre;adjectif;170;;;
чита́ть;6;lire;verbe;170;читаю, читаешь, читает, читаем, читаете, читают;читал, читала, читало, читали;читай, читайте
что;4;que, quoi;pronom;170;;;
что́бы;25;pour que, afin de;conjonction;170;;;
что́-нибудь;18;quelque chose;pronom;170;;;
чу́вство;28;sentiment;nom n.;170;;;
чу́вствовать себя́;14;se sentir;verbe;170;чувствую, чувствуешь, чувствует, чувствуем, чувствуете, чувствуют;чувствовал, чувствовала, чувствовало, чувствовали;
чуде́сный;20;merveilleux;adjectif;170;;;
чуть-чу́ть;28;un tout petit peu;adverbe;170;;;
ша́пка;28;bonnet;nom f.;170;;;
шарф;28;écharpe;nom m.;170;;;
ша́хматы;18;échecs (jeu);nom pl.;170;;;
шесто́й;6;sixième;nombre;170;;;
шесть;6;six;nombre;170;;;
шестьдеся́т;15;soixante;nombre;170;;;
шестьсо́т;15;six cents;nombre;170;;;
ше́я;14;cou;nom f.;170;;;
широ́кий;8;large;adjectif;170;;;
шкаф;3;armoire;nom m.;170;;;
шко́ла;3;école;nom f.;170;;;
шко́льник;6;écolier;nom m.;170;;;
шофёр;3;chauffeur;nom m.;170;;;
штат;12;État (fédéré);nom m.;170;;;
шу́тка;6;plaisanterie;nom f.;170;;;
щи;11;chtchi (soupe au chou);nom pl.;170;;;
эконо́мика;11;économie;nom f.;170;;;
экску́рсия;14;excursion, visite guidée;nom f.;170;;;
экскурсово́д;5;guide;nom m.;170;;;
энерги́чный;27;énergique;adjectif;170;;;
э́то;1;c'est, ce;pronom;170;;;
э́тот;15;ce, cet;pronom;170;;;
ю́бка;2;jupe;nom f.;170;;;
юг;12;sud;nom m.;170;;;
я;3;je;pronom;170;;;
я́блоко;4;pomme;nom n.;170;;;
язы́к;5;langue;nom m.;170;;;
яйцо́;11;œuf;nom n.;170;;;
янва́рь;18;janvier;nom m.;170;;;
